id,name,email,positionApplied,availability
interviewee-1,EE 1,interviewee1@example.com,前端工程師,"2025-05-20T01:00:00/2025-05-20T02:00:00,2025-05-20T02:00:00/2025-05-20T03:00:00,2025-05-20T03:00:00/2025-05-20T04:00:00,2025-05-20T04:00:00/2025-05-20T05:00:00,2025-05-20T07:00:00/2025-05-20T08:00:00,2025-05-21T05:00:00/2025-05-21T06:00:00,2025-05-21T07:00:00/2025-05-21T08:00:00,2025-05-22T01:00:00/2025-05-22T02:00:00,2025-05-22T03:00:00/2025-05-22T04:00:00,2025-05-22T06:00:00/2025-05-22T07:00:00,2025-05-23T03:00:00/2025-05-23T04:00:00,2025-05-23T04:00:00/2025-05-23T05:00:00,2025-05-23T08:00:00/2025-05-23T09:00:00"
interviewee-2,EE 2,interviewee2@example.com,後端工程師,"2025-05-20T05:00:00/2025-05-20T06:00:00,2025-05-20T06:00:00/2025-05-20T07:00:00,2025-05-20T07:00:00/2025-05-20T08:00:00,2025-05-21T02:00:00/2025-05-21T03:00:00,2025-05-21T04:00:00/2025-05-21T05:00:00,2025-05-21T05:00:00/2025-05-21T06:00:00,2025-05-21T06:00:00/2025-05-21T07:00:00,2025-05-21T07:00:00/2025-05-21T08:00:00,2025-05-22T02:00:00/2025-05-22T03:00:00,2025-05-22T03:00:00/2025-05-22T04:00:00,2025-05-22T05:00:00/2025-05-22T06:00:00,2025-05-22T06:00:00/2025-05-22T07:00:00,2025-05-22T07:00:00/2025-05-22T08:00:00,2025-05-23T02:00:00/2025-05-23T03:00:00,2025-05-23T03:00:00/2025-05-23T04:00:00,2025-05-23T04:00:00/2025-05-23T05:00:00,2025-05-23T05:00:00/2025-05-23T06:00:00,2025-05-23T06:00:00/2025-05-23T07:00:00,2025-05-23T08:00:00/2025-05-23T09:00:00"
interviewee-3,EE 3,interviewee3@example.com,全端工程師,"2025-05-20T01:00:00/2025-05-20T02:00:00,2025-05-20T02:00:00/2025-05-20T03:00:00,2025-05-20T03:00:00/2025-05-20T04:00:00,2025-05-20T04:00:00/2025-05-20T05:00:00,2025-05-20T07:00:00/2025-05-20T08:00:00,2025-05-21T01:00:00/2025-05-21T02:00:00,2025-05-21T02:00:00/2025-05-21T03:00:00,2025-05-21T05:00:00/2025-05-21T06:00:00,2025-05-21T06:00:00/2025-05-21T07:00:00,2025-05-22T04:00:00/2025-05-22T05:00:00,2025-05-22T05:00:00/2025-05-22T06:00:00,2025-05-22T06:00:00/2025-05-22T07:00:00,2025-05-23T01:00:00/2025-05-23T02:00:00,2025-05-23T02:00:00/2025-05-23T03:00:00,2025-05-23T03:00:00/2025-05-23T04:00:00,2025-05-23T04:00:00/2025-05-23T05:00:00,2025-05-23T06:00:00/2025-05-23T07:00:00"
interviewee-4,EE 4,interviewee4@example.com,DevOps 工程師,"2025-05-20T04:00:00/2025-05-20T05:00:00,2025-05-20T06:00:00/2025-05-20T07:00:00,2025-05-20T08:00:00/2025-05-20T09:00:00,2025-05-21T03:00:00/2025-05-21T04:00:00,2025-05-21T05:00:00/2025-05-21T06:00:00,2025-05-22T01:00:00/2025-05-22T02:00:00,2025-05-22T05:00:00/2025-05-22T06:00:00,2025-05-22T06:00:00/2025-05-22T07:00:00,2025-05-23T01:00:00/2025-05-23T02:00:00,2025-05-23T02:00:00/2025-05-23T03:00:00,2025-05-23T03:00:00/2025-05-23T04:00:00,2025-05-23T04:00:00/2025-05-23T05:00:00,2025-05-23T08:00:00/2025-05-23T09:00:00"
interviewee-5,EE 5,interviewee5@example.com,資安工程師,"2025-05-20T01:00:00/2025-05-20T02:00:00,2025-05-20T02:00:00/2025-05-20T03:00:00,2025-05-20T04:00:00/2025-05-20T05:00:00,2025-05-20T08:00:00/2025-05-20T09:00:00,2025-05-21T01:00:00/2025-05-21T02:00:00,2025-05-21T02:00:00/2025-05-21T03:00:00,2025-05-21T03:00:00/2025-05-21T04:00:00,2025-05-21T04:00:00/2025-05-21T05:00:00,2025-05-21T06:00:00/2025-05-21T07:00:00,2025-05-22T02:00:00/2025-05-22T03:00:00,2025-05-22T03:00:00/2025-05-22T04:00:00,2025-05-22T04:00:00/2025-05-22T05:00:00,2025-05-23T01:00:00/2025-05-23T02:00:00,2025-05-23T07:00:00/2025-05-23T08:00:00,2025-05-23T08:00:00/2025-05-23T09:00:00"
interviewee-6,EE 6,interviewee6@example.com,AI/ML 工程師,"2025-05-20T04:00:00/2025-05-20T05:00:00,2025-05-20T05:00:00/2025-05-20T06:00:00,2025-05-20T06:00:00/2025-05-20T07:00:00,2025-05-20T08:00:00/2025-05-20T09:00:00,2025-05-21T03:00:00/2025-05-21T04:00:00,2025-05-21T04:00:00/2025-05-21T05:00:00,2025-05-21T08:00:00/2025-05-21T09:00:00,2025-05-22T06:00:00/2025-05-22T07:00:00,2025-05-23T01:00:00/2025-05-23T02:00:00,2025-05-23T02:00:00/2025-05-23T03:00:00,2025-05-23T03:00:00/2025-05-23T04:00:00,2025-05-23T04:00:00/2025-05-23T05:00:00,2025-05-23T05:00:00/2025-05-23T06:00:00,2025-05-23T06:00:00/2025-05-23T07:00:00,2025-05-23T07:00:00/2025-05-23T08:00:00"
interviewee-7,EE 7,interviewee7@example.com,前端工程師,"2025-05-20T03:00:00/2025-05-20T04:00:00,2025-05-20T07:00:00/2025-05-20T08:00:00,2025-05-20T08:00:00/2025-05-20T09:00:00,2025-05-21T04:00:00/2025-05-21T05:00:00,2025-05-21T06:00:00/2025-05-21T07:00:00,2025-05-21T07:00:00/2025-05-21T08:00:00,2025-05-22T03:00:00/2025-05-22T04:00:00,2025-05-22T04:00:00/2025-05-22T05:00:00,2025-05-23T01:00:00/2025-05-23T02:00:00,2025-05-23T03:00:00/2025-05-23T04:00:00,2025-05-23T05:00:00/2025-05-23T06:00:00,2025-05-23T07:00:00/2025-05-23T08:00:00"
interviewee-8,EE 8,interviewee8@example.com,後端工程師,"2025-05-20T01:00:00/2025-05-20T02:00:00,2025-05-20T03:00:00/2025-05-20T04:00:00,2025-05-20T05:00:00/2025-05-20T06:00:00,2025-05-21T02:00:00/2025-05-21T03:00:00,2025-05-21T03:00:00/2025-05-21T04:00:00,2025-05-22T02:00:00/2025-05-22T03:00:00,2025-05-22T03:00:00/2025-05-22T04:00:00,2025-05-22T06:00:00/2025-05-22T07:00:00,2025-05-23T02:00:00/2025-05-23T03:00:00,2025-05-23T04:00:00/2025-05-23T05:00:00,2025-05-23T06:00:00/2025-05-23T07:00:00,2025-05-23T08:00:00/2025-05-23T09:00:00"
interviewee-9,EE 9,interviewee9@example.com,全端工程師,"2025-05-20T01:00:00/2025-05-20T02:00:00,2025-05-20T06:00:00/2025-05-20T07:00:00,2025-05-20T08:00:00/2025-05-20T09:00:00,2025-05-21T03:00:00/2025-05-21T04:00:00,2025-05-21T06:00:00/2025-05-21T07:00:00,2025-05-21T08:00:00/2025-05-21T09:00:00,2025-05-22T01:00:00/2025-05-22T02:00:00,2025-05-22T05:00:00/2025-05-22T06:00:00,2025-05-22T06:00:00/2025-05-22T07:00:00,2025-05-22T07:00:00/2025-05-22T08:00:00,2025-05-23T05:00:00/2025-05-23T06:00:00,2025-05-23T07:00:00/2025-05-23T08:00:00"
interviewee-10,EE 10,interviewee10@example.com,DevOps 工程師,"2025-05-20T01:00:00/2025-05-20T02:00:00,2025-05-20T03:00:00/2025-05-20T04:00:00,2025-05-20T04:00:00/2025-05-20T05:00:00,2025-05-20T06:00:00/2025-05-20T07:00:00,2025-05-20T08:00:00/2025-05-20T09:00:00,2025-05-21T02:00:00/2025-05-21T03:00:00,2025-05-21T03:00:00/2025-05-21T04:00:00,2025-05-21T05:00:00/2025-05-21T06:00:00,2025-05-21T08:00:00/2025-05-21T09:00:00,2025-05-22T02:00:00/2025-05-22T03:00:00,2025-05-22T04:00:00/2025-05-22T05:00:00,2025-05-22T05:00:00/2025-05-22T06:00:00,2025-05-22T06:00:00/2025-05-22T07:00:00,2025-05-22T07:00:00/2025-05-22T08:00:00,2025-05-23T02:00:00/2025-05-23T03:00:00,2025-05-23T03:00:00/2025-05-23T04:00:00,2025-05-23T04:00:00/2025-05-23T05:00:00,2025-05-23T06:00:00/2025-05-23T07:00:00"
interviewee-11,EE 11,interviewee11@example.com,資安工程師,"2025-05-20T01:00:00/2025-05-20T02:00:00,2025-05-20T02:00:00/2025-05-20T03:00:00,2025-05-20T03:00:00/2025-05-20T04:00:00,2025-05-20T04:00:00/2025-05-20T05:00:00,2025-05-20T05:00:00/2025-05-20T06:00:00,2025-05-20T06:00:00/2025-05-20T07:00:00,2025-05-20T08:00:00/2025-05-20T09:00:00,2025-05-21T05:00:00/2025-05-21T06:00:00,2025-05-21T06:00:00/2025-05-21T07:00:00,2025-05-21T07:00:00/2025-05-21T08:00:00,2025-05-21T08:00:00/2025-05-21T09:00:00,2025-05-22T01:00:00/2025-05-22T02:00:00,2025-05-22T04:00:00/2025-05-22T05:00:00,2025-05-22T06:00:00/2025-05-22T07:00:00,2025-05-22T07:00:00/2025-05-22T08:00:00,2025-05-22T08:00:00/2025-05-22T09:00:00,2025-05-23T02:00:00/2025-05-23T03:00:00,2025-05-23T03:00:00/2025-05-23T04:00:00,2025-05-23T05:00:00/2025-05-23T06:00:00,2025-05-23T06:00:00/2025-05-23T07:00:00,2025-05-23T07:00:00/2025-05-23T08:00:00"
interviewee-12,EE 12,interviewee12@example.com,AI/ML 工程師,"2025-05-20T03:00:00/2025-05-20T04:00:00,2025-05-20T04:00:00/2025-05-20T05:00:00,2025-05-20T06:00:00/2025-05-20T07:00:00,2025-05-21T01:00:00/2025-05-21T02:00:00,2025-05-21T03:00:00/2025-05-21T04:00:00,2025-05-21T04:00:00/2025-05-21T05:00:00,2025-05-21T07:00:00/2025-05-21T08:00:00,2025-05-21T08:00:00/2025-05-21T09:00:00,2025-05-22T02:00:00/2025-05-22T03:00:00,2025-05-22T05:00:00/2025-05-22T06:00:00,2025-05-22T08:00:00/2025-05-22T09:00:00,2025-05-23T06:00:00/2025-05-23T07:00:00"
interviewee-13,EE 13,interviewee13@example.com,前端工程師,"2025-05-20T02:00:00/2025-05-20T03:00:00,2025-05-20T03:00:00/2025-05-20T04:00:00,2025-05-20T04:00:00/2025-05-20T05:00:00,2025-05-20T05:00:00/2025-05-20T06:00:00,2025-05-21T02:00:00/2025-05-21T03:00:00,2025-05-21T05:00:00/2025-05-21T06:00:00,2025-05-21T07:00:00/2025-05-21T08:00:00,2025-05-21T08:00:00/2025-05-21T09:00:00,2025-05-22T05:00:00/2025-05-22T06:00:00,2025-05-22T06:00:00/2025-05-22T07:00:00,2025-05-22T07:00:00/2025-05-22T08:00:00,2025-05-23T01:00:00/2025-05-23T02:00:00,2025-05-23T03:00:00/2025-05-23T04:00:00,2025-05-23T04:00:00/2025-05-23T05:00:00,2025-05-23T05:00:00/2025-05-23T06:00:00,2025-05-23T06:00:00/2025-05-23T07:00:00,2025-05-23T07:00:00/2025-05-23T08:00:00"
interviewee-14,EE 14,interviewee14@example.com,後端工程師,"2025-05-20T01:00:00/2025-05-20T02:00:00,2025-05-20T08:00:00/2025-05-20T09:00:00,2025-05-21T02:00:00/2025-05-21T03:00:00,2025-05-21T03:00:00/2025-05-21T04:00:00,2025-05-21T04:00:00/2025-05-21T05:00:00,2025-05-22T01:00:00/2025-05-22T02:00:00,2025-05-22T03:00:00/2025-05-22T04:00:00,2025-05-22T06:00:00/2025-05-22T07:00:00,2025-05-22T07:00:00/2025-05-22T08:00:00,2025-05-22T08:00:00/2025-05-22T09:00:00,2025-05-23T01:00:00/2025-05-23T02:00:00,2025-05-23T03:00:00/2025-05-23T04:00:00,2025-05-23T04:00:00/2025-05-23T05:00:00,2025-05-23T06:00:00/2025-05-23T07:00:00,2025-05-23T07:00:00/2025-05-23T08:00:00"
interviewee-15,EE 15,interviewee15@example.com,全端工程師,"2025-05-20T01:00:00/2025-05-20T02:00:00,2025-05-20T06:00:00/2025-05-20T07:00:00,2025-05-20T07:00:00/2025-05-20T08:00:00,2025-05-20T08:00:00/2025-05-20T09:00:00,2025-05-21T04:00:00/2025-05-21T05:00:00,2025-05-21T06:00:00/2025-05-21T07:00:00,2025-05-22T07:00:00/2025-05-22T08:00:00,2025-05-22T08:00:00/2025-05-22T09:00:00,2025-05-23T02:00:00/2025-05-23T03:00:00,2025-05-23T04:00:00/2025-05-23T05:00:00,2025-05-23T07:00:00/2025-05-23T08:00:00,2025-05-23T08:00:00/2025-05-23T09:00:00"
interviewee-16,EE 16,interviewee16@example.com,DevOps 工程師,"2025-05-20T05:00:00/2025-05-20T06:00:00,2025-05-20T06:00:00/2025-05-20T07:00:00,2025-05-20T08:00:00/2025-05-20T09:00:00,2025-05-21T03:00:00/2025-05-21T04:00:00,2025-05-22T01:00:00/2025-05-22T02:00:00,2025-05-22T02:00:00/2025-05-22T03:00:00,2025-05-22T03:00:00/2025-05-22T04:00:00,2025-05-22T04:00:00/2025-05-22T05:00:00,2025-05-22T06:00:00/2025-05-22T07:00:00,2025-05-22T08:00:00/2025-05-22T09:00:00,2025-05-23T01:00:00/2025-05-23T02:00:00,2025-05-23T02:00:00/2025-05-23T03:00:00,2025-05-23T03:00:00/2025-05-23T04:00:00,2025-05-23T05:00:00/2025-05-23T06:00:00,2025-05-23T06:00:00/2025-05-23T07:00:00,2025-05-23T07:00:00/2025-05-23T08:00:00,2025-05-23T08:00:00/2025-05-23T09:00:00"
interviewee-17,EE 17,interviewee17@example.com,資安工程師,"2025-05-20T04:00:00/2025-05-20T05:00:00,2025-05-20T05:00:00/2025-05-20T06:00:00,2025-05-20T07:00:00/2025-05-20T08:00:00,2025-05-21T01:00:00/2025-05-21T02:00:00,2025-05-21T02:00:00/2025-05-21T03:00:00,2025-05-21T07:00:00/2025-05-21T08:00:00,2025-05-22T01:00:00/2025-05-22T02:00:00,2025-05-22T06:00:00/2025-05-22T07:00:00,2025-05-22T07:00:00/2025-05-22T08:00:00,2025-05-23T02:00:00/2025-05-23T03:00:00,2025-05-23T05:00:00/2025-05-23T06:00:00,2025-05-23T07:00:00/2025-05-23T08:00:00,2025-05-23T08:00:00/2025-05-23T09:00:00"
interviewee-18,EE 18,interviewee18@example.com,AI/ML 工程師,"2025-05-20T03:00:00/2025-05-20T04:00:00,2025-05-20T06:00:00/2025-05-20T07:00:00,2025-05-20T07:00:00/2025-05-20T08:00:00,2025-05-20T08:00:00/2025-05-20T09:00:00,2025-05-21T01:00:00/2025-05-21T02:00:00,2025-05-21T04:00:00/2025-05-21T05:00:00,2025-05-21T06:00:00/2025-05-21T07:00:00,2025-05-21T07:00:00/2025-05-21T08:00:00,2025-05-22T03:00:00/2025-05-22T04:00:00,2025-05-22T04:00:00/2025-05-22T05:00:00,2025-05-22T05:00:00/2025-05-22T06:00:00,2025-05-22T06:00:00/2025-05-22T07:00:00,2025-05-22T08:00:00/2025-05-22T09:00:00,2025-05-23T02:00:00/2025-05-23T03:00:00,2025-05-23T03:00:00/2025-05-23T04:00:00,2025-05-23T05:00:00/2025-05-23T06:00:00,2025-05-23T07:00:00/2025-05-23T08:00:00"
interviewee-19,EE 19,interviewee19@example.com,前端工程師,"2025-05-20T01:00:00/2025-05-20T02:00:00,2025-05-20T02:00:00/2025-05-20T03:00:00,2025-05-20T04:00:00/2025-05-20T05:00:00,2025-05-20T06:00:00/2025-05-20T07:00:00,2025-05-20T08:00:00/2025-05-20T09:00:00,2025-05-21T01:00:00/2025-05-21T02:00:00,2025-05-21T02:00:00/2025-05-21T03:00:00,2025-05-21T03:00:00/2025-05-21T04:00:00,2025-05-21T06:00:00/2025-05-21T07:00:00,2025-05-21T07:00:00/2025-05-21T08:00:00,2025-05-22T01:00:00/2025-05-22T02:00:00,2025-05-22T02:00:00/2025-05-22T03:00:00,2025-05-22T04:00:00/2025-05-22T05:00:00,2025-05-22T06:00:00/2025-05-22T07:00:00,2025-05-22T08:00:00/2025-05-22T09:00:00,2025-05-23T01:00:00/2025-05-23T02:00:00,2025-05-23T02:00:00/2025-05-23T03:00:00,2025-05-23T06:00:00/2025-05-23T07:00:00,2025-05-23T07:00:00/2025-05-23T08:00:00"
interviewee-20,EE 20,interviewee20@example.com,後端工程師,"2025-05-20T01:00:00/2025-05-20T02:00:00,2025-05-20T02:00:00/2025-05-20T03:00:00,2025-05-20T05:00:00/2025-05-20T06:00:00,2025-05-21T01:00:00/2025-05-21T02:00:00,2025-05-21T02:00:00/2025-05-21T03:00:00,2025-05-21T03:00:00/2025-05-21T04:00:00,2025-05-21T04:00:00/2025-05-21T05:00:00,2025-05-21T05:00:00/2025-05-21T06:00:00,2025-05-21T06:00:00/2025-05-21T07:00:00,2025-05-21T07:00:00/2025-05-21T08:00:00,2025-05-21T08:00:00/2025-05-21T09:00:00,2025-05-22T01:00:00/2025-05-22T02:00:00,2025-05-22T02:00:00/2025-05-22T03:00:00,2025-05-22T03:00:00/2025-05-22T04:00:00,2025-05-22T06:00:00/2025-05-22T07:00:00,2025-05-22T07:00:00/2025-05-22T08:00:00,2025-05-22T08:00:00/2025-05-22T09:00:00,2025-05-23T01:00:00/2025-05-23T02:00:00,2025-05-23T02:00:00/2025-05-23T03:00:00,2025-05-23T03:00:00/2025-05-23T04:00:00,2025-05-23T05:00:00/2025-05-23T06:00:00,2025-05-23T06:00:00/2025-05-23T07:00:00,2025-05-23T07:00:00/2025-05-23T08:00:00"